1,2003,Dinosaur Planet,"Drama,SCIFI"
2,2004,Isle of Man TT 2004 Review,"Drama,SCIFI"
3,1997,Character,"Comedy,Drama,Mystery"
4,1994,Paula Abdul's Get Up & Dance,"Animation , Family"
5,2004,The Rise and Fall of ECW,"Comedy,Music,Musical"
6,1997,Sick,"Drama,Fantasay"
7,1992,8 Man,"Animation,Adventure,Comedy"
8,2004,What the #$*! Do We Know!?,"Action,Crime,Drama"
9,1991,Class of Nuke 'Em High 2,"Comedy,Family,Fantasy"
10,2001,Fighter,"Drama,Romance"
11,1999,Full Frame: Documentary Shorts,"Thriller , Drama"
12,1947,My Favorite Brunette,"Drama,History,Music"
13,2003,Lord of the Rings: The Return of the King: Extended Edition: Bonus Material,"Crime,Drama,Film Noir"
14,1982,Nature: Antarctica,"Comedy,Family,Fantasy"
15,1988,Neil Diamond: Greatest Hits Live,"Animation,Short Family"
16,1996,Screamers,"Family, Drama"
17,2005,7 Seconds,"Crime,Drama,Film Noir"
18,1994,Immortal Beloved,"Comedy,Family,Fantasy"
19,2000,By Dawn's Early Light,"Animation,Short Family"
20,1972,Seeta Aur Geeta,"Drama,Family"
21,2002,Strange Relations,"Comedy,Family,Fantasy"
22,2000,Chump Change,"Animation,Short Family"
23,2001,Clifford: Clifford Saves the Day! / Clifford's Fluffiest Friend Cleo,"Comedy, Drama"
24,1981,My Bloody Valentine,"Comedy, Drama"
25,1997,Inspector Morse 31: Death Is Now My Neighbour,"Comedy,Drama,Mystery"
26,2004,Never Die Alone,"Animation , Family"
27,1962,Sesame Street: Elmo's World: The Street We Live On,"Comedy,Music,Musical"
28,2002,Lilo and Stitch,"Drama,Fantasay"
29,2001,Boycott,"Animation,Adventure,Comedy"
30,2003,Something's Gotta Give,"Action,Crime,Drama"
31,1999,Classic Albums: Meat Loaf: Bat Out of Hell,"Comedy,Family,Fantasy"
32,2004,ABC Primetime: Mel Gibson's The Passion of the Christ,"Drama,Romance"
33,2000,Aqua Teen Hunger Force: Vol. 1,"Thriller, Drama"
34,2003,Ashtanga Yoga: Beginner's Practice with Nicki Doane,"Drama,History,Music"
35,2000,Ferngully 2: The Magical Rescue,"Crime,Drama,Film Noir"
36,1992,Lady Chatterley,"Comedy,Family,Fantasy"
37,1973,Zatoichi's Conspiracy,"Animation,Short Family"
38,2003,Daydream Obsession,"Family, Drama"
39,2000,Love Reinvented,"Thriller, Drama"
40,2004,Pitcher and the Pin-Up,"Comedy,Drama,Mystery"
41,2000,Horror Vision,"Animation , Family"
42,2002,Searching for Paradise,"Comedy,Music,Musical"
43,2000,Silent Service,"Drama,Fantasay"
44,1996,Spitfire Grill,"Animation,Adventure,Comedy"
45,1999,The Love Letter,"Action,Crime,Drama"
46,1964,Rudolph the Red-Nosed Reindeer,"Comedy,Family,Fantasy"
47,1952,The Bad and the Beautiful,"Drama,Romance"
48,2001,Justice League,"Thriller, Drama"
49,2003,Devo: The Complete Truth About De-evolution,"Drama,History,Music"
50,1941,A Yank in the R.A.F.,"Crime,Drama,Film Noir"
51,2002,Jonah: A VeggieTales Movie: Bonus Material,"Comedy,Family,Fantasy"
52,2002,The Weather Underground,"Animation,Short Family"
53,2003,The Bonesetter,"Family, Drama"
54,1952,We're Not Married,"Horror , Drama"
55,1995,Jade,"Comedy,Drama,Mystery"
56,2004,Carandiru,"Animation , Family"
57,1995,Richard III,"Comedy,Music,Musical"
58,1996,Dragonheart,"Drama,Fantasay"
59,2003,Sex and the Beauties,"Animation,Adventure,Comedy"
60,1969,The Libertine,"Action,Crime,Drama"
61,1999,Ricky Martin: One Night Only,"Comedy,Family,Fantasy"
62,1991,Ken Burns' America: Empire of the Air,"Drama,Romance"
63,1943,Crash Dive,"Thriller, Drama"
64,2001,Outside the Law,"Drama,History,Music"
65,2000,Lost in the Pershing Point Hotel,"Crime,Drama,Film Noir"
66,1989,Barbarian Queen 2,"Comedy,Family,Fantasy"
67,1997,Vampire Journals,"Animation,Short Family"
68,2004,Invader Zim,"Family, Drama"
69,2003,WWE: Armageddon 2003,"Comedy,Drama,Mystery"
70,1999,Tai Chi: The 24 Forms,"Animation , Family"
71,1995,Maya Lin: A Strong Clear Vision,"Comedy,Music,Musical"
72,1974,At Home Among Strangers,"Drama,Fantasay"
73,1954,Davy Crockett: 50th Anniversary Double Feature,"Animation,Adventure,Comedy"
74,1999,6ixtynin9,"Action,Crime,Drama"
75,1997,Grind,"Comedy,Family,Fantasy"
76,1952,I Love Lucy: Season 2,"Drama,Romance"
77,1995,Congo,"Thriller, Drama"
78,1996,Jingle All the Way,"Horror , Drama"
79,1956,The Killing,"Comedy,Drama,Mystery"
80,1979,Winter Kills,"Animation , Family"
81,1991,Antarctica: IMAX,"Comedy,Music,Musical"
82,1951,The Frogmen,"Drama,Fantasay"
83,1983,Silkwood,"Animation,Adventure,Comedy"
84,2002,The Powerpuff Girls Movie,"Action,Crime,Drama"
85,2005,Elfen Lied,"Comedy,Family,Fantasy"
86,1996,Iron Monkey 2,"Drama,Romance"
87,2002,Louder Than Bombs,"Thriller, Drama"
88,1998,Record of Lodoss War: Chronicles of the Heroic Knight,"Drama,History,Music"
89,2000,Chain of Command,"Crime,Drama,Film Noir"
90,1951,The Lemon Drop Kid,"Comedy,Family,Fantasy"
91,2005,WWE: Royal Rumble 2005,"Animation,Short Family"
92,2002,ECW: Cyberslam '99,"Family, Drama"
93,2004,They Came Back,"Thriller, Drama"
94,2000,G3: Live in Concert,"Comedy,Drama,Mystery"
95,1985,Dona Herlinda and Her Son,"Animation , Family"
96,2000,Inside the Space Station,"Comedy,Music,Musical"
97,2002,Mostly Martha,"Drama,Fantasay"
98,1965,The Battle of Algiers: Bonus Material,"Animation,Adventure,Comedy"
99,1989,A Fishy Story,"Action,Crime,Drama"
100,1993,Sam the Iron Bridge,"Comedy,Family,Fantasy"
101,1997,Complete Shamanic Princess,"Drama,Romance"
102,2004,Notre Musique,"Thriller, Drama"
103,1976,Sanford and Son: Season 6,"Drama,History,Music"
104,1965,The Great Race,"Crime,Drama,Film Noir"
105,2002,Obsessed,"Comedy,Family,Fantasy"
106,2004,Stevie Ray Vaughan and Double Trouble: Live at Montreux 1982 & 1985,"Animation,Short Family"
107,2000,Magnolia: Bonus Material,"Family, Drama"
108,2004,Spartan,"Horror , Drama"
109,1996,No Way Back,"Comedy,Drama,Mystery"
110,1989,Scandal,"Animation , Family"
111,2003,Duplex (Widescreen),"Comedy,Music,Musical"
112,1993,The Eye of Vichy,"Drama,Fantasay"
113,2000,Bruce Lee: A Warrior's Journey,"Animation,Adventure,Comedy"
114,1989,Dominion Tank Police Part 1 & 2,"Action,Crime,Drama"
115,1973,Lord Peter Wimsey: Murder Must Advertise,"Comedy,Family,Fantasy"
116,2004,Bear Cub,"Drama,Romance"
117,1957,Silk Stockings,"Thriller, Drama"
118,1985,Rambo: First Blood Part II,"Drama,History,Music"
119,1999,Travel the World by Train: Africa,"Crime,Drama,Film Noir"
120,2004,Plain Dirty,"Comedy,Family,Fantasy"
121,2003,Beyonce: Live at Wembley,"Animation,Short Family"
122,2002,Cube 2: Hypercube,"Family, Drama"
123,2000,Chain of Fools,"Comedy,Drama,Mystery"
124,2000,Cold Blooded,"Animation , Family"
125,1981,Nighthawks,"Comedy,Music,Musical"
126,2003,Vampire Effect (aka Twins Effect),"Drama,Fantasay"
127,1987,Fatal Beauty,"Animation,Adventure,Comedy"
128,1985,Mr. Vampire,"Action,Crime,Drama"
129,2003,Darkwolf,"Comedy,Family,Fantasy"
130,1999,Drowning on Dry Land,"Drama,Romance"
131,2002,Arachnid,"Thriller, Drama"
132,1981,Lucio Fulci: The Beyond,"Drama,SCIFI"
133,2003,Viva La Bam: Season 1,"Drama,SCIFI"
134,1996,Spirit Lost,"Drama,SCIFI"
135,1998,GTO: Great Teacher Onizuka: Set 2,"Drama,SCIFI"
136,1927,Cat and the Canary,"Comedy,Drama,Mystery"
137,1998,Naked Lies,"Animation , Family"
138,1995,Star Trek: Voyager: Season 1,"Comedy,Music,Musical"
139,2001,Allergies: A Natural Approach,"Drama,Fantasay"
140,1993,Lost in the Wild,"Animation,Adventure,Comedy"
141,2004,Goddess of Mercy,"Action,Crime,Drama"
142,2000,The Tricky Master,"Comedy,Family,Fantasy"
143,1997,The Game,"Drama,Romance"
144,2000,Deepak Chopra: The Way of the Wizard & Alchemy,"Thriller, Drama"
145,1978,Get Out Your Handkerchiefs,"Drama,History,Music"
146,1988,Cannibal Women in the Avocado Jungle of Death,"Crime,Drama,Film Noir"
147,1992,Where Sleeping Dogs Lie,"Comedy,Family,Fantasy"
148,2001,Sweet November,"Animation,Short Family"
149,2005,The Edward R. Murrow Collection,"Family, Drama"
150,2001,Firetrap,"Thriller, Drama"
151,2005,Sleepover Nightmare,"Comedy,Drama,Mystery"
152,1995,A Little Princess,"Animation , Family"
153,2002,MTV Yoga,"Comedy,Music,Musical"
154,2000,Demon Warrior Koji,"Drama,Fantasay"
155,1975,The Strongest Man in the World,"Animation,Adventure,Comedy"
156,1992,Husbands and Wives,"Action,Crime,Drama"
157,2004,Laird: White Knuckle Extreme,"Comedy,Family,Fantasy"
158,2004,A Killer Within,"Drama,Romance"
159,1971,Gentlemen of Fortune,"Thriller, Drama"
160,2000,Gormenghast,"Drama,History,Music"
161,1939,Ninotchka,"Crime,Drama,Film Noir"
162,1968,John Cleese on How to Irritate People,"Comedy,Family,Fantasy"
163,2002,MTV: Making the Band 2: Best of Season 1,"Animation,Short Family"
164,2003,One Last Dance,"Family, Drama"
165,1982,Richard Pryor: Live on the Sunset Strip,"Horror , Drama"
166,1980,Fame,"Comedy,Drama,Mystery"
167,2004,The Chorus,"Animation , Family"
168,1983,Smokey and the Bandit Part 3,"Comedy,Music,Musical"
169,2004,Cartoon Network Halloween: 9 Creepy Cartoon Capers,"Drama,Fantasay"
170,1972,Tomorrow,"Animation,Adventure,Comedy"
171,1957,Funny Face,"Action,Crime,Drama"
172,2003,Jack,"Comedy,Family,Fantasy"
173,1968,The Devil's Brigade,"Drama,Romance"
174,1968,Adam-12: Season 1,"Thriller, Drama"
175,1992,Reservoir Dogs,"Drama,History,Music"
176,2004,The History Channel Presents: Troy: Unearthing the Legend,"Crime,Drama,Film Noir"
177,2002,Pressure,"Comedy,Family,Fantasy"
178,1996,Regular Guys,"Animation,Short Family"
179,2003,Bollywood Bound,"Family, Drama"
180,2002,Scratch,"Comedy,Drama,Mystery"
181,2004,The Last Shot,"Animation , Family"
182,2001,Moby: Play,"Comedy,Music,Musical"
183,2005,IFilm: Deranged,"Drama,Fantasay"
184,2004,Billy Blanks: Tae Bo: Cardio Circuit 1,"Animation,Adventure,Comedy"
185,1985,Missing in Action 2: The Beginning / Missing in Action 3: Braddock,"Action,Crime,Drama"
186,1950,Panic in the Streets,"Comedy,Family,Fantasy"
187,2002,Death to Smoochy,"Drama,Romance"
188,2005,Dead Birds,"Thriller, Drama"
189,1982,Airplane II: The Sequel,"Drama,History,Music"
190,1989,Blood and Sand,"Crime,Drama,Film Noir"
191,2003,X2: X-Men United,"Comedy,Family,Fantasy"
192,2003,The SoulTaker,"Animation,Short Family"
193,2005,Marilyn Manson: Fear of a Satanic Planet,"Family, Drama"
194,1996,Arliss: The Best of Arliss,"Comedy,Drama,Mystery"
195,2004,Chasing Freedom,"Animation , Family"
196,1992,Peter Tosh: Stepping Razor: Red X,"Comedy,Music,Musical"
197,2004,Taking Lives,"Drama,Fantasay"
198,1997,Gupt,"Animation,Adventure,Comedy"
199,1978,The Deer Hunter,"Action,Crime,Drama"
200,1964,The Fall of the Roman Empire,"Comedy,Family,Fantasy"
201,2001,Home Movie,"Drama,Romance"
202,2001,Ruby's Bucket of Blood,"Thriller, Drama"
203,1997,Sports Illustrated Swimsuit Edition: 1997,"Drama,History,Music"
204,2002,Venus Boyz,"Crime,Drama,Film Noir"
205,2004,Troy: Bonus Material,"Comedy,Family,Fantasy"
206,2004,Unconstitutional: The War on Our Civil Liberties,"Animation,Short Family"
207,2001,Denise Austin: Ultimate Fat Burner,"Family, Drama"
208,1947,The Three Stooges: Sing a Song of Six Pants,"Family, Drama"
209,1996,Star Trek: Deep Space Nine: Season 5,"Drama,SCIFI"
210,2001,Onmyoji,"Adventure,Drama,History"
211,2004,The Agronomist,"Comedy,Drama,Mystery"
212,1982,Querelle,"Animation , Family"
213,2001,Dinner Rush,"Comedy,Music,Musical"
214,2002,Read-Along: Beauty and the Beast,"Drama,Fantasay"
215,1998,That '70s Show: Season 1,"Animation,Adventure,Comedy"
216,2000,Impostor,"Action,Crime,Drama"
217,1988,Cherry 2000,"Comedy,Family,Fantasy"
218,1983,Triumph: Live at the US Festival,"Drama,Romance"
219,1995,Neon Bible,"Thriller, Drama"
220,1983,Winston Churchill: The Wilderness Years,"Drama,History,Music"
221,2005,Voyage to the Planets and Beyond,"Crime,Drama,Film Noir"
222,1998,Yellow,"Comedy,Family,Fantasy"
223,2003,Chappelle's Show: Season 1,"Animation,Short Family"
224,1999,Midsomer Murders: Blood Will Out,"Family, Drama"
225,2004,The Cookout,"Adventure,Documentary"
226,1996,Henry: Portrait of a Serial Killer 2,"Horror , Drama"
227,2001,The Carol Burnett Show: Show Stoppers,"TV,Drama"
228,1979,Butch and Sundance: The Early Days,"Horror , Drama"
229,2003,Peter Gabriel: Growing Up Live,"Adventure,Drama,History"
230,1987,Unsolved Mysteries: Psychics,"Comedy,Drama,Mystery"
231,2002,Marooned in Iraq,"Animation , Family"
232,1989,Gross Anatomy,"Comedy,Music,Musical"
233,1971,Chato's Land,"Drama,Fantasay"
234,1921,Animation Legend: Winsor McCay,"Animation,Adventure,Comedy"
235,1996,Unhook the Stars,"Action,Crime,Drama"
236,1998,Cartoon Crazys Sci-Fi,"Comedy,Family,Fantasy"
237,1918,Broken Blossoms,"Drama,Romance"
238,1976,Led Zeppelin: The Song Remains the Same,"Thriller, Drama"
239,2004,Winnie the Pooh: Springtime with Roo,"Drama,History,Music"
240,1942,Woman of the Year,"Crime,Drama,Film Noir"
241,1959,North by Northwest,"Comedy,Family,Fantasy"
242,1995,Neon Genesis Evangelion: The End of Evangelion,"Animation,Short Family"
243,1962,Pressure Point,"Family, Drama"
244,2004,Stellvia,"Adventure,Documentary"
245,2002,Road Dogz,"Horror , Drama"
246,1968,The Boston Strangler,"TV Drama, Drama"
247,1994,Oleanna,"Drama,Thriller"
248,2001,Michael Moore's The Awful Truth: Season 2,"Drama,Thriller"
249,1958,The Hunters,"Crime,Drama,F"
250,1966,Cast a Giant Shadow,"Adventure,Drama,History"
251,2000,Midsomer Murders: Strangler's Wood,"Comedy,Drama,Mystery"
252,2002,Stuart Little 2,"Animation , Family"
253,1935,A Night at the Opera,"Comedy,Music,Musical"
254,2003,Westender,"Drama,Fantasay"
255,2001,The Hunchback of Notre Dame II,"Animation,Adventure,Comedy"
256,2000,Ghost Dog: The Way of the Samurai,"Action,Crime,Drama"
257,1973,Charlotte's Web,"Comedy,Family,Fantasy"
258,1999,Mann,"Drama,Romance"
259,2004,Animal,"Thriller, Drama"
260,1967,Marat / Sade,"Drama,History,Music"
261,1948,The Big Clock,"Crime,Drama,Film Noir"
262,1974,Herbie Rides Again,"Comedy,Family,Fantasy"
263,2001,Dragon Ball: Tournament Saga,"Animation,Short Family"
264,2002,Angelina Ballerina: Lights,"Family, Drama"
265,2002,The Jeff Corwin Experience: Costa Rica and the Amazon,"Adventure,Documentary"
266,2000,Saudade Do Futuro,"Horror , Drama"
267,1994,Touched by an Angel: Season 1,"TV Drama, Drama"
268,1980,The Final Countdown,"Thriller, Drama"
269,1989,Parenthood,"Family, Drama"
270,2001,Sex and the City: Season 4,"Drama,Adult"
271,1943,Saludos Amigos,"Animation,Short Family"
272,1973,Female Yakuza Tale,"Action,Crime,Drama"
273,2004,Taxi,"Drama,Family"
274,2002,Crazy as Hell,"Drama,Thriller"
275,2002,Evelyn,"Drama,Family"
276,1998,Cold Harvest,"Thriller , Action"
277,2003,Enigma: MCMXC A.D,"Music , Documentary"
278,1990,100 Days Before the Command,"Drama , Action"
279,1984,Micki and Maude,"Drama,Family"
280,1998,Sarah Brightman: In Concert,"Music , Documentary"
281,1993,The Legend,"Crime , Thriller"
282,2003,Blue Seed: Beyond,"Animated Series,Drama"
283,1996,If These Walls Could Talk,"Drama , social problem film"
284,2005,Sasquatch Hunters,"Horror , Monster Movie"
285,1997,The Devil's Own,"Thriller , Drama"
286,1966,Thunderbirds Are Go,"Anime,Family"
287,1994,Luther Vandross: Always and Forever: An Evening of Songs,"Music , Documentary"
288,2004,Saturday Night Live: The Best of Chris Kattan,"Com , Drama"
289,1998,The Avengers,"SCIFI,Family"
290,2004,Harold and Kumar Go to White Castle,"Comedy,Fmaily"
291,2000,Chained Heat 3: Hell Mountain,"Thriller , Drama"
292,2005,Saturday Night Live: The Best of Gilda Radner,"Drama,Family"
293,2003,Lennon Legend: The Very Best of John Lennon,"Music , Documentary"
294,2002,Oasis,"Music , Documentary"
295,1995,Ace Ventura: When Nature Calls,"Farce , Detective selection"
296,2000,In His Life: The John Lennon Story,"Drama , Biography"
297,2003,The Hebrew Hammer,"Indie Film , Action"
298,2002,Crunch: Pick Your Spot Pilates,"Life,Family"
299,2001,Bridget Jones's Diary,"Drama , Romance"
300,1997,Options one,"Thriller,Action"
